text,label
"Scientists at NASA confirm new evidence of water on Mars after years of research and satellite imaging.",REAL
"Aliens have secretly taken over the government and are controlling world leaders through mind control chips.",FAKE
"The Reserve Bank of India announced a new policy to control inflation in the upcoming fiscal year.",REAL
"Drinking hot water with lemon every morning cures cancer completely according to secret doctor reports.",FAKE
"The Prime Minister inaugurated a new highway project connecting three major states in the region.",REAL
"Scientists discover that the earth is actually flat and NASA has been hiding this for decades.",FAKE
"Local hospital reports a decrease in flu cases this winter due to increased vaccination awareness.",REAL
"Eating this one fruit every day will make you lose ten kilos in a week without any exercise.",FAKE
"The stock market saw a slight increase today following positive quarterly earnings reports from major banks.",REAL
"Government plans to replace all currency notes with microchips that track every citizen secretly.",FAKE
"University researchers published a peer reviewed study on renewable energy efficiency improvements.",REAL
"A celebrity claims that drinking bleach cures common cold and boosts immunity instantly.",FAKE
"The city council approved funding for new public parks and recreational facilities this year.",REAL
"Breaking news, the moon landing was completely staged in a movie studio and never actually happened.",FAKE
"Farmers across the state reported a good harvest this season due to favorable monsoon conditions.",REAL
"A viral message claims that 5G towers are spreading a dangerous virus to nearby residents.",FAKE
"The education ministry announced new guidelines for online learning in government schools.",REAL
"Secret documents reveal that world leaders are actually reptilian shapeshifters in disguise.",FAKE
"The cricket team won the match by a significant margin in yesterday's tournament final.",REAL
"This miracle pill can make you fluent in any language overnight without any studying required.",FAKE
"The health department confirmed a new vaccination drive to be launched next month nationwide.",REAL
"Scientists warn that using your phone at night turns your brain into a computer chip.",FAKE
"A new bridge connecting two major cities was inaugurated after three years of construction work.",REAL
"An email claims that forwarding this message to ten people will give you good luck for a year.",FAKE
"The technology company launched its latest smartphone model with improved camera and battery life.",REAL
"Reports suggest that a hidden government agency controls the weather using secret machines.",FAKE
"The annual cultural festival attracted thousands of visitors from across the country this year.",REAL
"A social media post falsely claims that microwaving food removes all nutrients and causes cancer.",FAKE
"Local authorities completed road repair work ahead of the scheduled monsoon season this year.",REAL
"An online article claims that a full moon can permanently change a person's blood type.",FAKE